occ_code,occ_name,occ_cat_name
0,All occupations,All occupation categories
10,Chief executives and legislators/public administration,Management Occupations
20,General and Operations Managers,Management Occupations
30,"Managers in Marketing, Advertising, and Public Relations",Management Occupations
100,Administrative Services Managers,Management Occupations
110,Computer and Information Systems Managers,Management Occupations
120,Financial Managers,Management Occupations
130,Human Resources Managers,Management Occupations
140,Industrial Production Managers,Management Occupations
150,Purchasing Managers,Management Occupations
160,"Transportation, Storage, and Distribution Managers",Management Occupations
205,"Farmers, Ranchers, and Other Agricultural Managers",Management Occupations
220,Constructions Managers,Management Occupations
230,Education Administrators,Management Occupations
300,Architectural and Engineering Managers,Management Occupations
310,Food Service and Lodging Managers,Management Occupations
320,Funeral Directors,Management Occupations
330,Gaming Managers,Management Occupations
350,Medical and Health Services Managers,Management Occupations
360,Natural Science Managers,Management Occupations
410,"Property, Real Estate, and Community Association Managers",Management Occupations
420,Social and Community Service Managers,Management Occupations
430,"Managers, nec (including Postmasters)",Management Occupations
500,"Agents and Business Managers of Artists, Performers, and Athletes",Business and Financial Operations Occupations
510,"Buyers and Purchasing Agents, Farm Products",Business and Financial Operations Occupations
520,"Wholesale and Retail Buyers, Except Farm Products",Business and Financial Operations Occupations
530,"Purchasing Agents, Except Wholesale, Retail, and Farm Products",Business and Financial Operations Occupations
540,"Claims Adjusters, Appraisers, Examiners, and Investigators",Business and Financial Operations Occupations
560,"Compliance Officers, Except Agriculture",Business and Financial Operations Occupations
600,Cost Estimators,Business and Financial Operations Occupations
620,"Human Resources, Training, and Labor Relations Specialists",Business and Financial Operations Occupations
700,Logisticians,Business and Financial Operations Occupations
710,Management Analysts,Business and Financial Operations Occupations
720,Meeting and Convention Planners,Business and Financial Operations Occupations
730,Other Business Operations and Management Specialists,Business and Financial Operations Occupations
800,Accountants and Auditors,Business and Financial Operations Occupations
810,Appraisers and Assessors of Real Estate,Business and Financial Operations Occupations
820,Budget Analysts,Business and Financial Operations Occupations
830,Credit Analysts,Business and Financial Operations Occupations
840,Financial Analysts,Business and Financial Operations Occupations
850,Personal Financial Advisors,Business and Financial Operations Occupations
860,Insurance Underwriters,Business and Financial Operations Occupations
900,Financial Examiners,Business and Financial Operations Occupations
910,Credit Counselors and Loan Officers,Business and Financial Operations Occupations
930,"Tax Examiners and Collectors, and Revenue Agents",Business and Financial Operations Occupations
940,Tax Preparers,Business and Financial Operations Occupations
950,"Financial Specialists, nec",Business and Financial Operations Occupations
1000,Computer Scientists and Systems Analysts/Network systems Analysts/Web Developers,Computer and mathematical occupations
1010,Computer Programmers,Computer and mathematical occupations
1020,"Software Developers, Applications and Systems Software",Computer and mathematical occupations
1050,Computer Support Specialists,Computer and mathematical occupations
1060,Database Administrators,Computer and mathematical occupations
1100,Network and Computer Systems Administrators,Computer and mathematical occupations
1200,Actuaries,Computer and mathematical occupations
1220,Operations Research Analysts,Computer and mathematical occupations
1230,Statisticians,Computer and mathematical occupations
1240,"Mathematical science occupations, nec",Computer and mathematical occupations
1300,"Architects, Except Naval",Architecture and Engineering Occupations
1310,"Surveyors, Cartographers, and Photogrammetrists",Architecture and Engineering Occupations
1320,Aerospace Engineers,Architecture and Engineering Occupations
1350,Chemical Engineers,Architecture and Engineering Occupations
1360,Civil Engineers,Architecture and Engineering Occupations
1400,Computer Hardware Engineers,Architecture and Engineering Occupations
1410,Electrical and Electronics Engineers,Architecture and Engineering Occupations
1420,Environmental Engineers,Architecture and Engineering Occupations
1430,"Industrial Engineers, including Health and Safety",Architecture and Engineering Occupations
1440,Marine Engineers and Naval Architects,Architecture and Engineering Occupations
1450,Materials Engineers,Architecture and Engineering Occupations
1460,Mechanical Engineers,Architecture and Engineering Occupations
1520,"Petroleum, mining and geological engineers, including mining safety engineers",Architecture and Engineering Occupations
1530,"Engineers, nec",Architecture and Engineering Occupations
1540,Drafters,Architecture and Engineering Occupations
1550,"Engineering Technicians, Except Drafters",Architecture and Engineering Occupations
1560,Surveying and Mapping Technicians,Architecture and Engineering Occupations
1600,Agricultural and Food Scientists,"Life, Physical, and Social Science Occupations"
1610,Biological Scientists,"Life, Physical, and Social Science Occupations"
1640,Conservation Scientists and Foresters,"Life, Physical, and Social Science Occupations"
1650,"Medical Scientists, and Life Scientists, All Other","Life, Physical, and Social Science Occupations"
1700,Astronomers and Physicists,"Life, Physical, and Social Science Occupations"
1710,Atmospheric and Space Scientists,"Life, Physical, and Social Science Occupations"
1720,Chemists and Materials Scientists,"Life, Physical, and Social Science Occupations"
1740,Environmental Scientists and Geoscientists,"Life, Physical, and Social Science Occupations"
1760,"Physical Scientists, nec","Life, Physical, and Social Science Occupations"
1800,Economists and market researchers,"Life, Physical, and Social Science Occupations"
1810,,"Life, Physical, and Social Science Occupations"
1820,Psychologists,"Life, Physical, and Social Science Occupations"
1830,Urban and Regional Planners,"Life, Physical, and Social Science Occupations"
1840,"Social Scientists, nec","Life, Physical, and Social Science Occupations"
1900,Agricultural and Food Science Technicians,"Life, Physical, and Social Science Occupations"
1910,Biological Technicians,"Life, Physical, and Social Science Occupations"
1920,Chemical Technicians,"Life, Physical, and Social Science Occupations"
1930,"Geological and Petroleum Technicians, and Nuclear Technicians","Life, Physical, and Social Science Occupations"
1960,"Life, Physical, and Social Science Technicians, nec","Life, Physical, and Social Science Occupations"
1980,"Professional, Research, or Technical Workers, nec","Life, Physical, and Social Science Occupations"
2000,Counselors,Community and Social Service Occupations
2010,Social Workers,Community and Social Service Occupations
2020,"Community and Social Service Specialists, nec",Community and Social Service Occupations
2040,Clergy,Community and Social Service Occupations
2050,"Directors, Religious Activities and Education",Community and Social Service Occupations
2060,"Religious Workers, nec",Community and Social Service Occupations
2100,"Lawyers, and judges, magistrates, and other judicial workers",Legal Occupations
2140,Paralegals and Legal Assistants,Legal Occupations
2150,"Legal Support Workers, nec",Legal Occupations
2200,Postsecondary Teachers,"Education, Training, and Library Occupations"
2300,Preschool and Kindergarten Teachers,"Education, Training, and Library Occupations"
2310,Elementary and Middle School Teachers,"Education, Training, and Library Occupations"
2320,Secondary School Teachers,"Education, Training, and Library Occupations"
2330,Special Education Teachers,"Education, Training, and Library Occupations"
2340,Other Teachers and Instructors,"Education, Training, and Library Occupations"
2400,"Archivists, Curators, and Museum Technicians","Education, Training, and Library Occupations"
2430,Librarians,"Education, Training, and Library Occupations"
2440,Library Technicians,"Education, Training, and Library Occupations"
2540,Teacher Assistants,"Education, Training, and Library Occupations"
2550,"Education, Training, and Library Workers, nec","Education, Training, and Library Occupations"
2600,Artists and Related Workers,"Arts, Design, Entertainment, Sports, and Media Occupations"
2630,Designers,"Arts, Design, Entertainment, Sports, and Media Occupations"
2700,"Actors, Producers, and Directors","Arts, Design, Entertainment, Sports, and Media Occupations"
2720,"Athletes, Coaches, Umpires, and Related Workers","Arts, Design, Entertainment, Sports, and Media Occupations"
2740,Dancers and Choreographers,"Arts, Design, Entertainment, Sports, and Media Occupations"
2750,"Musicians, Singers, and Related Workers","Arts, Design, Entertainment, Sports, and Media Occupations"
2760,"Entertainers and Performers, Sports and Related Workers, All Other","Arts, Design, Entertainment, Sports, and Media Occupations"
2800,Announcers,"Arts, Design, Entertainment, Sports, and Media Occupations"
2810,"Editors, News Analysts, Reporters, and Correspondents","Arts, Design, Entertainment, Sports, and Media Occupations"
2825,Public Relations Specialists,"Arts, Design, Entertainment, Sports, and Media Occupations"
2840,Technical Writers,"Arts, Design, Entertainment, Sports, and Media Occupations"
2850,Writers and Authors,"Arts, Design, Entertainment, Sports, and Media Occupations"
2860,"Media and Communication Workers, nec","Arts, Design, Entertainment, Sports, and Media Occupations"
2900,"Broadcast and Sound Engineering Technicians and Radio Operators, and media and communication equipment workers, all other","Arts, Design, Entertainment, Sports, and Media Occupations"
2910,Photographers,"Arts, Design, Entertainment, Sports, and Media Occupations"
2920,"Television, Video, and Motion Picture Camera Operators and Editors","Arts, Design, Entertainment, Sports, and Media Occupations"
3000,Chiropractors,Healthcare Practitioners and Technical Occupations
3010,Dentists,Healthcare Practitioners and Technical Occupations
3030,Dieticians and Nutritionists,Healthcare Practitioners and Technical Occupations
3040,Optometrists,Healthcare Practitioners and Technical Occupations
3050,Pharmacists,Healthcare Practitioners and Technical Occupations
3060,Physicians and Surgeons,Healthcare Practitioners and Technical Occupations
3110,Physician Assistants,Healthcare Practitioners and Technical Occupations
3120,Podiatrists,Healthcare Practitioners and Technical Occupations
3130,Registered Nurses,Healthcare Practitioners and Technical Occupations
3140,Audiologists,Healthcare Practitioners and Technical Occupations
3150,Occupational Therapists,Healthcare Practitioners and Technical Occupations
3160,Physical Therapists,Healthcare Practitioners and Technical Occupations
3200,Radiation Therapists,Healthcare Practitioners and Technical Occupations
3210,Recreational Therapists,Healthcare Practitioners and Technical Occupations
3220,Respiratory Therapists,Healthcare Practitioners and Technical Occupations
3230,Speech Language Pathologists,Healthcare Practitioners and Technical Occupations
3240,"Therapists, nec",Healthcare Practitioners and Technical Occupations
3250,Veterinarians,Healthcare Practitioners and Technical Occupations
3260,"Health Diagnosing and Treating Practitioners, nec",Healthcare Practitioners and Technical Occupations
3300,Clinical Laboratory Technologists and Technicians,Healthcare Practitioners and Technical Occupations
3310,Dental Hygienists,Healthcare Practitioners and Technical Occupations
3320,Diagnostic Related Technologists and Technicians,Healthcare Practitioners and Technical Occupations
3400,Emergency Medical Technicians and Paramedics,Healthcare Practitioners and Technical Occupations
3410,Health Diagnosing and Treating Practitioner Support Technicians,Healthcare Practitioners and Technical Occupations
3500,Licensed Practical and Licensed Vocational Nurses,Healthcare Practitioners and Technical Occupations
3510,Medical Records and Health Information Technicians,Healthcare Practitioners and Technical Occupations
3520,"Opticians, Dispensing",Healthcare Practitioners and Technical Occupations
3530,"Health Technologists and Technicians, nec",Healthcare Practitioners and Technical Occupations
3540,"Healthcare Practitioners and Technical Occupations, nec",Healthcare Practitioners and Technical Occupations
3600,"Nursing, Psychiatric, and Home Health Aides",Healthcare Support Occupations
3610,Occupational Therapy Assistants and Aides,Healthcare Support Occupations
3620,Physical Therapist Assistants and Aides,Healthcare Support Occupations
3630,Massage Therapists,Healthcare Support Occupations
3640,Dental Assistants,Healthcare Support Occupations
3650,"Medical Assistants and Other Healthcare Support Occupations, nec",Healthcare Support Occupations
3700,First-Line Supervisors of Correctional Officers,Protective Service Occupations
3710,First-Line Supervisors of Police and Detectives,Protective Service Occupations
3720,First-Line Supervisors of Fire Fighting and Prevention Workers,Protective Service Occupations
3730,"Supervisors, Protective Service Workers, All Other",Protective Service Occupations
3740,Firefighters,Protective Service Occupations
3750,Fire Inspectors,Protective Service Occupations
3800,"Sheriffs, Bailiffs, Correctional Officers, and Jailers",Protective Service Occupations
3820,Police Officers and Detectives,Protective Service Occupations
3900,Animal Control,Protective Service Occupations
3910,Private Detectives and Investigators,Protective Service Occupations
3930,Security Guards and Gaming Surveillance Officers,Protective Service Occupations
3940,Crossing Guards,Protective Service Occupations
3950,"Law enforcement workers, nec",Protective Service Occupations
4000,Chefs and Cooks,Food Preparation and Serving Related Occupations
4010,First-Line Supervisors of Food Preparation and Serving Workers,Food Preparation and Serving Related Occupations
4030,Food Preparation Workers,Food Preparation and Serving Related Occupations
4040,Bartenders,Food Preparation and Serving Related Occupations
4050,"Combined Food Preparation and Serving Workers, Including Fast Food",Food Preparation and Serving Related Occupations
4060,"Counter Attendant, Cafeteria, Food Concession, and Coffee Shop",Food Preparation and Serving Related Occupations
4110,Waiters and Waitresses,Food Preparation and Serving Related Occupations
4120,"Food Servers, Nonrestaurant",Food Preparation and Serving Related Occupations
4130,"Food preparation and serving related workers, nec",Food Preparation and Serving Related Occupations
4140,Dishwashers,Food Preparation and Serving Related Occupations
4150,"Host and Hostesses, Restaurant, Lounge, and Coffee Shop",Food Preparation and Serving Related Occupations
4200,First-Line Supervisors of Housekeeping and Janitorial Workers,Building and Grounds Cleaning and Maintenance Occupations
4210,"First-Line Supervisors of Landscaping, Lawn Service, and Groundskeeping Workers",Building and Grounds Cleaning and Maintenance Occupations
4220,Janitors and Building Cleaners,Building and Grounds Cleaning and Maintenance Occupations
4230,Maids and Housekeeping Cleaners,Building and Grounds Cleaning and Maintenance Occupations
4240,Pest Control Workers,Building and Grounds Cleaning and Maintenance Occupations
4250,Grounds Maintenance Workers,Building and Grounds Cleaning and Maintenance Occupations
4300,First-Line Supervisors of Gaming Workers,Personal Care and Service Occupations
4320,First-Line Supervisors of Personal Service Workers,Personal Care and Service Occupations
4340,Animal Trainers,Personal Care and Service Occupations
4350,Nonfarm Animal Caretakers,Personal Care and Service Occupations
4400,Gaming Services Workers,Personal Care and Service Occupations
4420,"Ushers, Lobby Attendants, and Ticket Takers",Personal Care and Service Occupations
4430,"Entertainment Attendants and Related Workers, nec",Personal Care and Service Occupations
4460,Funeral Service Workers and Embalmers,Personal Care and Service Occupations
4500,Barbers,Personal Care and Service Occupations
4510,"Hairdressers, Hairstylists, and Cosmetologists",Personal Care and Service Occupations
4520,"Personal Appearance Workers, nec",Personal Care and Service Occupations
4530,"Baggage Porters, Bellhops, and Concierges",Personal Care and Service Occupations
4540,Tour and Travel Guides,Personal Care and Service Occupations
4600,Childcare Workers,Personal Care and Service Occupations
4610,Personal Care Aides,Personal Care and Service Occupations
4620,Recreation and Fitness Workers,Personal Care and Service Occupations
4640,Residential Advisors,Personal Care and Service Occupations
4650,"Personal Care and Service Workers, All Other",Personal Care and Service Occupations
4700,First-Line Supervisors of Sales Workers,Sales and Related Occupations
4720,Cashiers,Sales and Related Occupations
4740,Counter and Rental Clerks,Sales and Related Occupations
4750,Parts Salespersons,Sales and Related Occupations
4760,Retail Salespersons,Sales and Related Occupations
4800,Advertising Sales Agents,Sales and Related Occupations
4810,Insurance Sales Agents,Sales and Related Occupations
4820,"Securities, Commodities, and Financial Services Sales Agents",Sales and Related Occupations
4830,Travel Agents,Sales and Related Occupations
4840,"Sales Representatives, Services, All Other",Sales and Related Occupations
4850,"Sales Representatives, Wholesale and Manufacturing",Sales and Related Occupations
4900,"Models, Demonstrators, and Product Promoters",Sales and Related Occupations
4920,Real Estate Brokers and Sales Agents,Sales and Related Occupations
4930,Sales Engineers,Sales and Related Occupations
4940,Telemarketers,Sales and Related Occupations
4950,"Door-to-Door Sales Workers, News and Street Vendors, and Related Workers",Sales and Related Occupations
4965,"Sales and Related Workers, All Other",Sales and Related Occupations
5000,First-Line Supervisors of Office and Administrative Support Workers,Office and Administrative Support Occupations
5010,"Switchboard Operators, Including Answering Service",Office and Administrative Support Occupations
5020,Telephone Operators,Office and Administrative Support Occupations
5030,"Communications Equipment Operators, All Other",Office and Administrative Support Occupations
5100,Bill and Account Collectors,Office and Administrative Support Occupations
5110,Billing and Posting Clerks,Office and Administrative Support Occupations
5120,"Bookkeeping, Accounting, and Auditing Clerks",Office and Administrative Support Occupations
5130,Gaming Cage Workers,Office and Administrative Support Occupations
5140,Payroll and Timekeeping Clerks,Office and Administrative Support Occupations
5150,Procurement Clerks,Office and Administrative Support Occupations
5160,Bank Tellers,Office and Administrative Support Occupations
5165,"Financial Clerks, nec",Office and Administrative Support Occupations
5200,Brokerage Clerks,Office and Administrative Support Occupations
5220,"Court, Municipal, and License Clerks",Office and Administrative Support Occupations
5230,"Credit Authorizers, Checkers, and Clerks",Office and Administrative Support Occupations
5240,Customer Service Representatives,Office and Administrative Support Occupations
5250,"Eligibility Interviewers, Government Programs",Office and Administrative Support Occupations
5260,File Clerks,Office and Administrative Support Occupations
5300,"Hotel, Motel, and Resort Desk Clerks",Office and Administrative Support Occupations
5310,"Interviewers, Except Eligibility and Loan",Office and Administrative Support Occupations
5320,"Library Assistants, Clerical",Office and Administrative Support Occupations
5330,Loan Interviewers and Clerks,Office and Administrative Support Occupations
5340,New Account Clerks,Office and Administrative Support Occupations
5350,Correspondent clerks and order clerks,Office and Administrative Support Occupations
5360,"Human Resources Assistants, Except Payroll and Timekeeping",Office and Administrative Support Occupations
5400,Receptionists and Information Clerks,Office and Administrative Support Occupations
5410,Reservation and Transportation Ticket Agents and Travel Clerks,Office and Administrative Support Occupations
5420,"Information and Record Clerks, All Other",Office and Administrative Support Occupations
5500,Cargo and Freight Agents,Office and Administrative Support Occupations
5510,Couriers and Messengers,Office and Administrative Support Occupations
5520,Dispatchers,Office and Administrative Support Occupations
5530,"Meter Readers, Utilities",Office and Administrative Support Occupations
5540,Postal Service Clerks,Office and Administrative Support Occupations
5550,Postal Service Mail Carriers,Office and Administrative Support Occupations
5560,"Postal Service Mail Sorters, Processors, and Processing Machine Operators",Office and Administrative Support Occupations
5600,"Production, Planning, and Expediting Clerks",Office and Administrative Support Occupations
5610,"Shipping, Receiving, and Traffic Clerks",Office and Administrative Support Occupations
5620,Stock Clerks and Order Fillers,Office and Administrative Support Occupations
5630,"Weighers, Measurers, Checkers, and Samplers, Recordkeeping",Office and Administrative Support Occupations
5700,Secretaries and Administrative Assistants,Office and Administrative Support Occupations
5800,Computer Operators,Office and Administrative Support Occupations
5810,Data Entry Keyers,Office and Administrative Support Occupations
5820,Word Processors and Typists,Office and Administrative Support Occupations
5840,Insurance Claims and Policy Processing Clerks,Office and Administrative Support Occupations
5850,"Mail Clerks and Mail Machine Operators, Except Postal Service",Office and Administrative Support Occupations
5860,"Office Clerks, General",Office and Administrative Support Occupations
5900,"Office Machine Operators, Except Computer",Office and Administrative Support Occupations
5910,Proofreaders and Copy Markers,Office and Administrative Support Occupations
5920,Statistical Assistants,Office and Administrative Support Occupations
5940,"Office and administrative support workers, nec",Office and Administrative Support Occupations
6005,"First-Line Supervisors of Farming, Fishing, and Forestry Workers","Farming, Fishing, and Forestry Occupations"
6010,Agricultural Inspectors,"Farming, Fishing, and Forestry Occupations"
6040,"Graders and Sorters, Agricultural Products","Farming, Fishing, and Forestry Occupations"
6050,"Agricultural workers, nec","Farming, Fishing, and Forestry Occupations"
6100,Fishing and hunting workers,"Farming, Fishing, and Forestry Occupations"
6120,Forest and Conservation Workers,"Farming, Fishing, and Forestry Occupations"
6130,Logging Workers,"Farming, Fishing, and Forestry Occupations"
6200,First-Line Supervisors of Construction Trades and Extraction Workers,Construction and Extraction Occupations
6210,Boilermakers,Construction and Extraction Occupations
6220,"Brickmasons, Blockmasons, and Stonemasons",Construction and Extraction Occupations
6230,Carpenters,Construction and Extraction Occupations
6240,"Carpet, Floor, and Tile Installers and Finishers",Construction and Extraction Occupations
6250,"Cement Masons, Concrete Finishers, and Terrazzo Workers",Construction and Extraction Occupations
6260,Construction Laborers,Construction and Extraction Occupations
6300,"Paving, Surfacing, and Tamping Equipment Operators",Construction and Extraction Occupations
6320,"Construction equipment operators except paving, surfacing, and tamping equipment operators",Construction and Extraction Occupations
6330,"Drywall Installers, Ceiling Tile Installers, and Tapers",Construction and Extraction Occupations
6355,Electricians,Construction and Extraction Occupations
6360,Glaziers,Construction and Extraction Occupations
6400,Insulation Workers,Construction and Extraction Occupations
6420,"Painters, Construction and Maintenance",Construction and Extraction Occupations
6430,Paperhangers,Construction and Extraction Occupations
6440,"Pipelayers, Plumbers, Pipefitters, and Steamfitters",Construction and Extraction Occupations
6460,Plasterers and Stucco Masons,Construction and Extraction Occupations
6500,Reinforcing Iron and Rebar Workers,Construction and Extraction Occupations
6515,Roofers,Construction and Extraction Occupations
6520,"Sheet Metal Workers, metal-working",Construction and Extraction Occupations
6530,Structural Iron and Steel Workers,Construction and Extraction Occupations
6600,"Helpers, Construction Trades",Construction and Extraction Occupations
6660,Construction and Building Inspectors,Construction and Extraction Occupations
6700,Elevator Installers and Repairers,Construction and Extraction Occupations
6710,Fence Erectors,Construction and Extraction Occupations
6720,Hazardous Materials Removal Workers,Construction and Extraction Occupations
6730,Highway Maintenance Workers,Construction and Extraction Occupations
6740,Rail-Track Laying and Maintenance Equipment Operators,Construction and Extraction Occupations
6765,"Construction workers, nec",Construction and Extraction Occupations
6800,"Derrick, rotary drill, and service unit operators, and roustabouts, oil, gas, and mining",Construction and Extraction Occupations
6820,"Earth Drillers, Except Oil and Gas",Construction and Extraction Occupations
6830,"Explosives Workers, Ordnance Handling Experts, and Blasters",Construction and Extraction Occupations
6840,Mining Machine Operators,Construction and Extraction Occupations
6940,"Extraction workers, nec",Construction and Extraction Occupations
7000,"First-Line Supervisors of Mechanics, Installers, and Repairers","Installation, Maintenance, and Repair Occupations"
7010,"Computer, Automated Teller, and Office Machine Repairers","Installation, Maintenance, and Repair Occupations"
7020,Radio and Telecommunications Equipment Installers and Repairers,"Installation, Maintenance, and Repair Occupations"
7030,Avionics Technicians,"Installation, Maintenance, and Repair Occupations"
7040,"Electric Motor, Power Tool, and Related Repairers","Installation, Maintenance, and Repair Occupations"
7100,"Electrical and electronics repairers, transportation equipment, and industrial and utility","Installation, Maintenance, and Repair Occupations"
7110,"Electronic Equipment Installers and Repairers, Motor Vehicles","Installation, Maintenance, and Repair Occupations"
7120,Electronic Home Entertainment Equipment Installers and Repairers,"Installation, Maintenance, and Repair Occupations"
7125,"Electronic Repairs, nec","Installation, Maintenance, and Repair Occupations"
7130,Security and Fire Alarm Systems Installers,"Installation, Maintenance, and Repair Occupations"
7140,Aircraft Mechanics and Service Technicians,"Installation, Maintenance, and Repair Occupations"
7150,Automotive Body and Related Repairers,"Installation, Maintenance, and Repair Occupations"
7160,Automotive Glass Installers and Repairers,"Installation, Maintenance, and Repair Occupations"
7200,Automotive Service Technicians and Mechanics,"Installation, Maintenance, and Repair Occupations"
7210,Bus and Truck Mechanics and Diesel Engine Specialists,"Installation, Maintenance, and Repair Occupations"
7220,Heavy Vehicle and Mobile Equipment Service Technicians and Mechanics,"Installation, Maintenance, and Repair Occupations"
7240,Small Engine Mechanics,"Installation, Maintenance, and Repair Occupations"
7260,"Vehicle and Mobile Equipment Mechanics, Installers, and Repairers, nec","Installation, Maintenance, and Repair Occupations"
7300,Control and Valve Installers and Repairers,"Installation, Maintenance, and Repair Occupations"
7315,"Heating, Air Conditioning, and Refrigeration Mechanics and Installers","Installation, Maintenance, and Repair Occupations"
7320,Home Appliance Repairers,"Installation, Maintenance, and Repair Occupations"
7330,Industrial and Refractory Machinery Mechanics,"Installation, Maintenance, and Repair Occupations"
7340,"Maintenance and Repair Workers, General","Installation, Maintenance, and Repair Occupations"
7350,"Maintenance Workers, Machinery","Installation, Maintenance, and Repair Occupations"
7360,Millwrights,"Installation, Maintenance, and Repair Occupations"
7410,Electrical Power-Line Installers and Repairers,"Installation, Maintenance, and Repair Occupations"
7420,Telecommunications Line Installers and Repairers,"Installation, Maintenance, and Repair Occupations"
7430,Precision Instrument and Equipment Repairers,"Installation, Maintenance, and Repair Occupations"
7510,"Coin, Vending, and Amusement Machine Servicers and Repairers","Installation, Maintenance, and Repair Occupations"
7540,Locksmiths and Safe Repairers,"Installation, Maintenance, and Repair Occupations"
7550,Manufactured Building and Mobile Home Installers,"Installation, Maintenance, and Repair Occupations"
7560,Riggers,"Installation, Maintenance, and Repair Occupations"
7610,"Helpers--Installation, Maintenance, and Repair Workers","Installation, Maintenance, and Repair Occupations"
7630,"Other Installation, Maintenance, and Repair Workers Including Wind Turbine Service Technicians, and Commercial Divers, and Signal and Track Switch Repairers","Installation, Maintenance, and Repair Occupations"
7700,First-Line Supervisors of Production and Operating Workers,Production Occupations
7710,"Aircraft Structure, Surfaces, Rigging, and Systems Assemblers",Production Occupations
7720,"Electrical, Electronics, and Electromechanical Assemblers",Production Occupations
7730,Engine and Other Machine Assemblers,Production Occupations
7740,Structural Metal Fabricators and Fitters,Production Occupations
7750,"Assemblers and Fabricators, nec",Production Occupations
7800,Bakers,Production Occupations
7810,"Butchers and Other Meat, Poultry, and Fish Processing Workers",Production Occupations
7830,"Food and Tobacco Roasting, Baking, and Drying Machine Operators and Tenders",Production Occupations
7840,Food Batchmakers,Production Occupations
7850,Food Cooking Machine Operators and Tenders,Production Occupations
7855,"Food Processing, nec",Production Occupations
7900,Computer Control Programmers and Operators,Production Occupations
7920,"Extruding and Drawing Machine Setters, Operators, and Tenders, Metal and Plastic",Production Occupations
7930,"Forging Machine Setters, Operators, and Tenders, Metal and Plastic",Production Occupations
7940,"Rolling Machine Setters, Operators, and Tenders, metal and Plastic",Production Occupations
7950,"Cutting, Punching, and Press Machine Setters, Operators, and Tenders, Metal and Plastic",Production Occupations
7960,"Drilling and Boring Machine Tool Setters, Operators, and Tenders, Metal and Plastic",Production Occupations
8000,"Grinding, Lapping, Polishing, and Buffing Machine Tool Setters, Operators, and Tenders, Metal and Plastic",Production Occupations
8010,"Lathe and Turning Machine Tool Setters, Operators, and Tenders, Metal and Plastic",Production Occupations
8030,Machinists,Production Occupations
8040,"Metal Furnace Operators, Tenders, Pourers, and Casters",Production Occupations
8060,"Model Makers and Patternmakers, Metal and Plastic",Production Occupations
8100,"Molders and Molding Machine Setters, Operators, and Tenders, Metal and Plastic",Production Occupations
8130,Tool and Die Makers,Production Occupations
8140,"Welding, Soldering, and Brazing Workers",Production Occupations
8150,"Heat Treating Equipment Setters, Operators, and Tenders, Metal and Plastic",Production Occupations
8200,"Plating and Coating Machine Setters, Operators, and Tenders, Metal and Plastic",Production Occupations
8210,"Tool Grinders, Filers, and Sharpeners",Production Occupations
8220,"Metal workers and plastic workers, nec",Production Occupations
8230,"Bookbinders, Printing Machine Operators, and Job Printers",Production Occupations
8250,Prepress Technicians and Workers,Production Occupations
8300,Laundry and Dry-Cleaning Workers,Production Occupations
8310,"Pressers, Textile, Garment, and Related Materials",Production Occupations
8320,Sewing Machine Operators,Production Occupations
8330,Shoe and Leather Workers and Repairers,Production Occupations
8340,Shoe Machine Operators and Tenders,Production Occupations
8350,"Tailors, Dressmakers, and Sewers",Production Occupations
8400,"Textile bleaching and dyeing, and cutting machine setters, operators, and tenders",Production Occupations
8410,"Textile Knitting and Weaving Machine Setters, Operators, and Tenders",Production Occupations
8420,"Textile Winding, Twisting, and Drawing Out Machine Setters, Operators, and Tenders",Production Occupations
8450,Upholsterers,Production Occupations
8460,"Textile, Apparel, and Furnishings workers, nec",Production Occupations
8500,Cabinetmakers and Bench Carpenters,Production Occupations
8510,Furniture Finishers,Production Occupations
8530,"Sawing Machine Setters, Operators, and Tenders, Wood",Production Occupations
8540,"Woodworking Machine Setters, Operators, and Tenders, Except Sawing",Production Occupations
8550,"Woodworkers including model makers and patternmakers, nec",Production Occupations
8600,"Power Plant Operators, Distributors, and Dispatchers",Production Occupations
8610,Stationary Engineers and Boiler Operators,Production Occupations
8620,Water Wastewater Treatment Plant and System Operators,Production Occupations
8630,"Plant and System Operators, nec",Production Occupations
8640,"Chemical Processing Machine Setters, Operators, and Tenders",Production Occupations
8650,"Crushing, Grinding, Polishing, Mixing, and Blending Workers",Production Occupations
8710,Cutting Workers,Production Occupations
8720,"Extruding, Forming, Pressing, and Compacting Machine Setters, Operators, and Tenders",Production Occupations
8730,"Furnace, Kiln, Oven, Drier, and Kettle Operators and Tenders",Production Occupations
8740,"Inspectors, Testers, Sorters, Samplers, and Weighers",Production Occupations
8750,Jewelers and Precious Stone and Metal Workers,Production Occupations
8760,"Medical, Dental, and Ophthalmic Laboratory Technicians",Production Occupations
8800,Packaging and Filling Machine Operators and Tenders,Production Occupations
8810,Painting Workers and Dyers,Production Occupations
8830,Photographic Process Workers and Processing Machine Operators,Production Occupations
8850,Adhesive Bonding Machine Operators and Tenders,Production Occupations
8860,"Cleaning, Washing, and Metal Pickling Equipment Operators and Tenders",Production Occupations
8910,"Etchers, Engravers, and Lithographers",Production Occupations
8920,"Molders, Shapers, and Casters, Except Metal and Plastic",Production Occupations
8930,"Paper Goods Machine Setters, Operators, and Tenders",Production Occupations
8940,Tire Builders,Production Occupations
8950,Helpers--Production Workers,Production Occupations
8965,Other production workers including semiconductor processors and cooling and freezing equipment operators,Production Occupations
9000,Supervisors of Transportation and Material Moving Workers,Transportation and Material Moving Occupations
9030,Aircraft Pilots and Flight Engineers,Transportation and Material Moving Occupations
9040,Air Traffic Controllers and Airfield Operations Specialists,Transportation and Material Moving Occupations
9050,Flight Attendants and Transportation Workers and Attendants,Transportation and Material Moving Occupations
9100,Bus and Ambulance Drivers and Attendants,Transportation and Material Moving Occupations
9130,Driver/Sales Workers and Truck Drivers,Transportation and Material Moving Occupations
9140,Taxi Drivers and Chauffeurs,Transportation and Material Moving Occupations
9150,"Motor Vehicle Operators, All Other",Transportation and Material Moving Occupations
9200,Locomotive Engineers and Operators,Transportation and Material Moving Occupations
9230,"Railroad Brake, Signal, and Switch Operators",Transportation and Material Moving Occupations
9240,Railroad Conductors and Yardmasters,Transportation and Material Moving Occupations
9260,"Subway, Streetcar, and Other Rail Transportation Workers",Transportation and Material Moving Occupations
9300,"Sailors and marine oilers, and ship engineers",Transportation and Material Moving Occupations
9310,Ship and Boat Captains and Operators,Transportation and Material Moving Occupations
9350,Parking Lot Attendants,Transportation and Material Moving Occupations
9360,Automotive and Watercraft Service Attendants,Transportation and Material Moving Occupations
9410,Transportation Inspectors,Transportation and Material Moving Occupations
9420,"Transportation workers, nec",Transportation and Material Moving Occupations
9510,Crane and Tower Operators,Transportation and Material Moving Occupations
9520,"Dredge, Excavating, and Loading Machine Operators",Transportation and Material Moving Occupations
9560,"Conveyor operators and tenders, and hoist and winch operators",Transportation and Material Moving Occupations
9600,Industrial Truck and Tractor Operators,Transportation and Material Moving Occupations
9610,Cleaners of Vehicles and Equipment,Transportation and Material Moving Occupations
9620,"Laborers and Freight, Stock, and Material Movers, Hand",Transportation and Material Moving Occupations
9630,Machine Feeders and Offbearers,Transportation and Material Moving Occupations
9640,"Packers and Packagers, Hand",Transportation and Material Moving Occupations
9650,Pumping Station Operators,Transportation and Material Moving Occupations
9720,Refuse and Recyclable Material Collectors,Transportation and Material Moving Occupations
9750,"Material moving workers, nec",Transportation and Material Moving Occupations
9800,Military Officer Special and Tactical Operations Leaders,Military occupations
9810,First-Line Enlisted Military Supervisors,Military occupations
9820,Military Enlisted Tactical Operations and Air/Weapons Specialists and Crew Members,Military occupations
9830,"Military, Rank Not Specified",Military occupations
9920,"Unemployed, with No Work Experience in the Last 5 Years or Earlier or Never Worked","Unemployed, with No Work Experience in the Last 5 Years or Earlier or Never Worked"
